timestamp,user_id,session_id,message_type,content,document_ref,response_time,model_used,tokens_used,confidence_score
2025-09-05T20:33:05.963683,default_user,0d1d5b4d,assistant,"Of course! I can certainly help you with a summary.

However, it seems you haven't provided any content or documents for me to summarize yet.

As a Q&A assistant, I need you to provide the text, article, or document you'd like me to work with. Once you paste the content or upload the file, I'll be happy to create a concise and accurate summary for you.

I'm ready when you are",,10.461763143539429,gemini-2.5-pro,0,0.0
2025-09-05T20:33:05.966433,default_user,0d1d5b4d,user,summarise the content,,0.0,,0,0.0
2025-09-05T20:34:54.513170,default_user,46fe944f,assistant,"Of course. Here is a summary of the provided content, which includes an SEC filing, a document on Google's AI strategy, and another on the future of search.

The documents provide a comprehensive overview of Alphabet Inc. (Google), detailing its current business structure, key risks, and its major strategic pivot towards generative artificial intelligence.

Here are the key takeaways:

**1. Core Business and Financials (from the SEC Filing)**
*   **Business Segments:** Alphabet's business is primarily organized into three segments:
    *   **Google Services:** This is the largest segment and includes core products like Ads, Android, Chrome, Hardware, Google Maps, Google Play, Search, and YouTube. The vast majority of revenue comes from advertising.
    *   **Google Cloud:** This segment includes Google's infrastructure, data analytics, and collaboration tools (like Google Workspace). It's a key area of growth.
    *   **Other Bets:** This includes a portfolio of emerging technologies in various stages, such as Waymo (self-driving cars) and Verily (life sciences).
*   **Key Risks:** The company identifies significant competition across all its services, the rapid pace of technological change, and potential impacts from global economic conditions and extensive government regulation as major risks.

**2. The Strategic Shift to Generative AI (from ""Googles-Generative-AI-Strategy.pdf"")**
*   **Core Technology:** Google is leveraging its powerful, next-generation language models, specifically **LaMDA** and the more advanced **PaLM 2**, to power its new AI experiences. This is supported by its custom-built **Tensor Processing Units (TPUs)**, which are optimized for AI workloads.
*   **Key Product - Bard:** **Bard** is Google's conversational AI service, designed to be a creative and helpful collaborator. It is powered by LaMDA and is being progressively upgraded to the more capable PaLM 2 model.
*   **Integration Strategy:** Google is not just building standalone AI tools; it's deeply integrating generative AI into its flagship products, including Google Workspace (Docs, Gmail, Sheets) and, most importantly, Google Search.
*   **Guiding Principles:** The company emphasizes a ""bold and responsible"" approach to AI development, guided by its established AI Principles.

**3. The Evolution of Google Search (from ""The-Future-of-Search-is-Conversational-and-Contextual.pdf"")**
*   **From Links to Conversation:** Google Search is undergoing its most significant transformation, moving away from the traditional ""ten blue links"" to a more interactive and conversational model.
*   **Search Generative Experience (SGE):** This is the new search interface. When a user asks a question, SGE can provide an **AI-powered snapshot** at the top of the results page. This snapshot synthesizes information from",,22.52188205718994,gemini-2.5-pro,0,0.0
2025-09-05T20:34:54.516099,default_user,46fe944f,user,summarise the uploaded content,,0.0,,0,0.0
2025-09-05T20:37:22.852911,default_user,46fe944f,assistant,"Of course! Here is a summary of the resume for Sam L. Jackson, based on the provided `sam-resume.pdf`:

Sam L. Jackson is a results-oriented **Senior Software Engineer** with over 5 years of experience in full-stack development, cloud technologies (specifically AWS), and DevOps.

Here are the key highlights from his resume:

**Work Experience:**

*   **Senior Software Engineer at Stark Industries (2020 - Present):**
    *   Leads a team in designing and developing a microservices-based platform.
    *   Uses a tech stack including Python, Flask, React, Node.js, AWS (Lambda, S3, DynamoDB), Docker, and Kubernetes.
    *   Key achievements include reducing application latency by 30% and improving system reliability by 25%.

*   **Software Engineer at Wayne Enterprises (2018 - 2020):**
    *   Developed and maintained a customer-facing web application using JavaScript, React, and Node.js.
    *   Implemented a CI/CD pipeline with Jenkins that reduced deployment time by 50%.
    *   Contributed to a 15% increase in user engagement.

**Key Technical Skills:**

*   **Languages:** Python, JavaScript, TypeScript, SQL
*   **Frameworks:** React, Node.js, Flask, Express
*   **Cloud/DevOps:** AWS (Lambda, S3, DynamoDB), Docker, Kubernetes, Jenkins, CI/CD
*   **Databases:** PostgreSQL, MongoDB, DynamoDB

**Education:**

*   He holds a **Master of Science in Computer Science** from Gotham University.
*   He also has a **Bachelor of Science in Computer Science** from Metropolis University.

**Personal Projects:**

*   The resume lists two significant personal",,21.574674129486084,gemini-2.5-pro,0,0.0
2025-09-05T20:37:22.855161,default_user,46fe944f,user,summarise the  sam-resume.pdf,,0.0,,0,0.0
2025-09-19T22:11:48.524025,default_user,ad08b61f,assistant,"Of course, I can help with that!

However, it seems you haven't uploaded a PDF yet. Please upload the document you would like me to summarize, and I'll be happy to provide you with a concise overview.",,7.2496771812438965,gemini-2.5-pro,0,0.0
2025-09-19T22:11:48.526743,default_user,ad08b61f,user,summarize the uploaded pdf,,0.0,,0,0.0
2025-09-25T19:41:40.965931,default_user,6838b7ac,assistant,"Of course! Based on the documents provided, here is a summary of the content about Acme Bank:

The documents provide an overview of Acme Bank's services, focusing on its digital platform, account fees, customer support, and security measures.

Here are the key points:

*   **Digital Banking:** Acme Bank offers a new digital banking platform available on the web, iOS, and Android. Key features include a personalized dashboard, mobile check deposit, real-time alerts, and advanced security like biometrics and two-factor authentication (doc_id: 1).

*   **Account Fees:**
    *   **Basic Checking:** Has a $10 monthly fee, which is waived with a minimum balance of $500 or a direct deposit.
    *   **Premium Checking:** Has a $25 monthly fee, waived with a combined balance of $10,000.
    *   **Standard Savings:** Has a $5 monthly fee, waived with a balance of $300.
    *   Other fees include a $35 overdraft fee and various fees for wire transfers (doc_id: 2).

*   **Customer Support:** You can contact Acme Bank in several ways:
    *   **Phone:** 24/7 support is available.
    *   **Live Chat:** Available on their website from Monday to Friday, 8 AM to 6 PM.
    *   **Secure Messaging:** Available through the digital banking platform (doc_id: 3).

*   **Security:** The bank emphasizes security through measures like multi-factor authentication (MFA), encryption, and active fraud monitoring. They also advise customers to use strong, unique passwords and be cautious of phishing attempts (doc_id: 4).",,19.053401708602905,gemini-2.5-pro,0,0.0
2025-09-25T19:41:40.970418,default_user,6838b7ac,user,summarise the given content,,0.0,,0,0.0
2025-09-25T19:43:32.634047,default_user,6838b7ac,assistant,"Of course! Since I don't have any specific documents to pull from for this request, I'll draw from my general knowledge.

To help me pick the perfect one, what kind of mood are you in? Are you looking for something happy, relaxing, energetic, or thoughtful?

If you just want a classic, feel-good song, you can't go wrong with **""Here Comes The Sun"" by The Beatles**. It's a lovely and optimistic tune",,51.06186509132385,gemini-2.5-pro,0,0.0
2025-09-25T19:43:32.639337,default_user,6838b7ac,user,give me a song,,0.0,,0,0.0
2025-09-25T19:45:49.609284,default_user,6838b7ac,assistant,"Of course, I can help with that!

However, it seems no documents or text have been uploaded yet. Please provide the content you would like me to summarize, and I'll get right on it for you.",,32.66233706474304,gemini-2.5-pro,0,0.0
2025-09-25T19:45:49.612535,default_user,6838b7ac,user,summarise the uploaded content,,0.0,,0,0.0
2025-09-25T19:47:58.193076,default_user,6838b7ac,assistant,⚠️ API quota limit reached after multiple retry attempts. Please wait a few minutes before trying again. Document processing is still available.,,54.620965242385864,gemini-2.5-pro,0,0.0
2025-09-25T19:47:58.198091,default_user,6838b7ac,user,summarise the uploaded content,,0.0,,0,0.0
2025-09-25T20:06:08.776535,default_user,66b392af,assistant,"Of course! I can help with that.

Based on the documents provided, here is a summary of the content:

The documents describe a Portable AI Server that is self-hosted on a laptop and operates wirelessly, eliminating the need for cloud services (Source 1, Source 3). This setup is designed to ensure privacy, security, and cost-effectiveness (Source 2, Source 3).

The server uses a web-based interface built with Streamlit, allowing users to make real-time queries, switch between AI models, and visualize responses (Source 1, Source 2). The system uses Ollama AI and Langchain for generating responses (Source 3). To improve accuracy, it converts queries into vector embeddings and uses cosine similarity to retrieve relevant context from past interactions (Source 3).

What specific question did you have about this content? I'm ready to help",,28.97009778022766,gemini-2.5-pro,0,0.0
2025-09-25T20:06:08.780894,default_user,66b392af,user,summarise the given uploaded content and answer my question,,0.0,,0,0.0
2025-09-25T20:18:22.085202,default_user,f0deebe3,assistant,"Of course! I can help with that.

Based on the documents provided, here is a summary of the content:

The documents describe a portable, self-hosted AI server that runs completely locally on a repurposed laptop, eliminating the need for external cloud services. This setup enhances data privacy, security, and cost-effectiveness (Source 1, Source 2).

The system is accessible wirelessly through a mobile hotspot or Wi-Fi and uses a Streamlit-based web interface for user interaction. This interface allows for real-time queries, switching between AI models, and visualizing responses (Source 1, Source 3). The AI's response generation is handled by Ollama AI and Langchain (Source 2).

To improve the relevance and accuracy of its answers, the system retrieves context from past user interactions. It does this by converting queries into vector embeddings and using a cosine similarity search to find the most relevant past queries from its database (Source 2, Source 3).

Please feel free to ask any questions you have about the content",,19.942139863967896,gemini-2.5-pro,0,0.0
2025-09-25T20:18:22.088271,default_user,f0deebe3,user,summarise the uploaded content and answer my questions regarding the content,,0.0,,0,0.0
2025-09-25T20:24:57.739108,default_user,d5fb1231,assistant,⚠️ API quota limit reached after multiple retry attempts. Please wait a few minutes before trying again. Document processing is still available.,,26.744341135025024,gemini-2.5-pro,0,0.0
2025-09-25T20:24:57.744048,default_user,d5fb1231,user,answer about professional summary in the uploaded content,,0.0,,0,0.0
2025-09-25T20:27:50.523181,default_user,ecd3e4d9,assistant,"Based on the documents provided, here is a summary of the content:

The documents describe a ""Portable AI Server with Ollama,"" which is a self-hosted, wireless AI system that runs entirely on a portable or repurposed laptop (Source 2, Source 3).

Key features of the system include:
*   **Local Operation:** The server operates completely locally, eliminating reliance on external cloud services. This enhances data privacy, security, and cost-effectiveness (Source 1, Source 2).
*   **User Interface:** It uses a web-based UI built with Streamlit, which allows for real-time queries, model switching, and visualization of responses (Source 1, Source 3).
*   **Technology Stack:** The system uses Ollama AI and Langchain for response generation (Source 2).
*   **Contextual Awareness:** To improve response accuracy, the system converts user queries into vector embeddings. It then uses a cosine similarity search to retrieve relevant past interactions from a database, providing contextual awareness for the AI (Source 2, Source 3).
*   **Accessibility:** The server can be accessed via a mobile hotspot or Wi-Fi network without needing additional networking infrastructure (Source 2).",,20.1682071685791,gemini-2.5-pro,0,0.0
2025-09-25T20:27:50.529469,default_user,ecd3e4d9,user,summarise the uploaded content ,,0.0,,0,0.0
